{
    "LinearRegression": {
        "r2_score": 0.7862069874164852,
        "mae": 0.21633090226781007
    },
    "KNN": {
        "r2_score": 0.8044768643610405,
        "mae": 0.1927817159601832
    },
    "DecisionTree": {
        "r2_score": 0.8555048317681275,
        "mae": 0.17567766323026404
    },
    "SVR": {
        "r2_score": 0.8323550361780699,
        "mae": 0.19332768197665257
    },
    "RandomForest": {
        "r2_score": 0.886174003837104,
        "mae": 0.16050210308841775
    }
}