{
    "LinearRegression": {
        "r2_score": 0.7862069874164861,
        "mae": 0.2163309022678097
    },
    "Ridge": {
        "r2_score": 0.795972629466965,
        "mae": 0.21355901769124144
    },
    "Lasso": {
        "r2_score": 0.7882729632146819,
        "mae": 0.21688905028865213
    },
    "KNN": {
        "r2_score": 0.8044768643610405,
        "mae": 0.1927817159601832
    },
    "DecisionTree": {
        "r2_score": 0.8531280266727204,
        "mae": 0.17756747945103693
    },
    "SVR": {
        "r2_score": 0.8323550361780699,
        "mae": 0.19332768197665257
    },
    "RandomForest": {
        "r2_score": 0.886174003837104,
        "mae": 0.16050210308841775
    },
    "ExtraTrees": {
        "r2_score": 0.8684011970932387,
        "mae": 0.16504585084263707
    },
    "AdaBoost": {
        "r2_score": 0.7985215911727912,
        "mae": 0.22666561289245415
    },
    "GradientBoost": {
        "r2_score": 0.8850727252013314,
        "mae": 0.15769933262759908
    }
}